store_nbr,date,daily_sales
9,2013-01-02,15867.484
9,2013-01-03,10431.719
9,2013-01-04,8085.1590002
9,2013-01-05,13057.11
9,2013-01-06,15936.53
9,2013-01-07,8951.149
9,2013-01-08,9334.92598
9,2013-01-09,7193.351
9,2013-01-10,7173.656
9,2013-01-11,5777.1359995
9,2013-01-12,10308.324
9,2013-01-13,13268.357
9,2013-01-14,8723.624
9,2013-01-15,8599.90498
9,2013-01-16,7858.054
9,2013-01-17,7030.043
9,2013-01-18,6157.97599
9,2013-01-19,11118.810001
9,2013-01-20,13154.436
9,2013-01-21,9295.811
9,2013-01-22,7633.879
9,2013-01-23,6645.2679995
9,2013-01-24,6337.840001
9,2013-01-25,5974.7480000000005
9,2013-01-26,11283.06002
9,2013-01-27,11662.157001
9,2013-01-28,7456.56
9,2013-01-29,6815.7029999999995
9,2013-01-30,6603.66
9,2013-01-31,8046.654
9,2013-02-01,9928.925
9,2013-02-02,15359.92
9,2013-02-03,15706.116
9,2013-02-04,11013.781
9,2013-02-05,10418.712
9,2013-02-06,8250.547
9,2013-02-07,9296.69402
9,2013-02-08,6710.389
9,2013-02-09,10644.64798
9,2013-02-10,8164.802
9,2013-02-11,8373.968
9,2013-02-12,9660.699
9,2013-02-13,7105.516001
9,2013-02-14,7930.573
9,2013-02-15,7291.36198
9,2013-02-16,13847.582999999999
9,2013-02-17,12451.292
9,2013-02-18,10613.764
9,2013-02-19,8909.200001
9,2013-02-20,8151.367
9,2013-02-21,8013.781
9,2013-02-22,6361.856021
9,2013-02-23,11187.109
9,2013-02-24,13689.684
9,2013-02-25,8193.65498
9,2013-02-26,7166.426
9,2013-02-27,7070.867
9,2013-02-28,9259.75297
9,2013-03-01,10477.011
9,2013-03-02,17799.02
9,2013-03-03,18618.363
9,2013-03-04,11972.86802
9,2013-03-05,10663.614
9,2013-03-06,9397.36398
9,2013-03-07,10006.12804
9,2013-03-08,7223.157
9,2013-03-09,14503.962
9,2013-03-10,15350.58
9,2013-03-11,9159.779999999999
9,2013-03-12,8542.023999
9,2013-03-13,6726.164999
9,2013-03-14,7438.088
9,2013-03-15,6965.575
9,2013-03-16,13954.062
9,2013-03-17,17202.274999999998
9,2013-03-18,9764.742
9,2013-03-19,8909.213
9,2013-03-20,7877.406
9,2013-03-21,7872.553
9,2013-03-22,6389.019
9,2013-03-23,12466.957
9,2013-03-24,13192.29998
9,2013-03-25,8118.914
9,2013-03-26,6884.034979999999
9,2013-03-27,6942.193
9,2013-03-28,9392.948999999999
9,2013-03-29,10370.202
9,2013-03-30,14650.730001
9,2013-03-31,16299.11403
9,2013-04-01,13351.86198
9,2013-04-02,13148.60398
9,2013-04-03,11468.23302
9,2013-04-04,10408.398000000001
9,2013-04-05,8762.791
9,2013-04-06,14992.185
9,2013-04-07,17098.015002
9,2013-04-08,10722.359
9,2013-04-09,9390.724
9,2013-04-10,8054.771
9,2013-04-11,9366.928
9,2013-04-12,7443.624
9,2013-04-13,13481.797999999999
9,2013-04-14,14892.43296
9,2013-04-15,11729.17202
9,2013-04-16,11866.61102
9,2013-04-17,9521.69398
9,2013-04-18,9003.444
9,2013-04-19,7602.269
9,2013-04-20,13750.934
9,2013-04-21,16553.43397
9,2013-04-22,10351.66902
9,2013-04-23,8123.004
9,2013-04-24,7849.834001
9,2013-04-25,9410.63
9,2013-04-26,7438.474999
9,2013-04-27,12415.644
9,2013-04-28,14422.28698
9,2013-04-29,9025.76702
9,2013-04-30,9559.39002
9,2013-05-01,16111.060959999999
9,2013-05-02,10833.282
9,2013-05-03,9457.245
9,2013-05-04,15819.581
9,2013-05-05,19561.944
9,2013-05-06,11105.09
9,2013-05-07,10206.814999
9,2013-05-08,8934.685
9,2013-05-09,9549.395
9,2013-05-10,7297.876
9,2013-05-11,12768.631
9,2013-05-12,11486.047999999999
9,2013-05-13,9894.978981
9,2013-05-14,9030.056999999999
9,2013-05-15,9453.253
9,2013-05-16,9733.609
9,2013-05-17,7762.18
9,2013-05-18,13610.42402
9,2013-05-19,16097.74696
9,2013-05-20,9750.502
9,2013-05-21,8984.696999
9,2013-05-22,6676.345
9,2013-05-23,7645.889
9,2013-05-24,9664.24
9,2013-05-25,11005.993
9,2013-05-26,12690.212997999999
9,2013-05-27,8338.9260005
9,2013-05-28,8240.923999999999
9,2013-05-29,6952.939
9,2013-05-30,9606.019
9,2013-05-31,8970.13798
9,2013-06-01,18549.181
9,2013-06-02,20217.192000000003
9,2013-06-03,13429.289
9,2013-06-04,11943.52
9,2013-06-05,10399.609
9,2013-06-06,10349.457999999999
9,2013-06-07,9146.082999
9,2013-06-08,13762.277
9,2013-06-09,15997.26
9,2013-06-10,9849.934
9,2013-06-11,8294.27798
9,2013-06-12,7447.911
9,2013-06-13,8471.412
9,2013-06-14,7256.807
9,2013-06-15,12952.91
9,2013-06-16,12891.63299
9,2013-06-17,11246.556999
9,2013-06-18,9812.088
9,2013-06-19,7979.098
9,2013-06-20,9098.347
9,2013-06-21,8329.559
9,2013-06-22,12047.273000000001
9,2013-06-23,14504.16202
9,2013-06-24,9219.187
9,2013-06-25,9042.180999999999
9,2013-06-26,7439.353
9,2013-06-27,8688.804
9,2013-06-28,7460.38401
9,2013-06-29,15818.133
9,2013-06-30,17326.042999999998
9,2013-07-01,13431.177
9,2013-07-02,12857.155999999999
9,2013-07-03,10803.902
9,2013-07-04,11603.62298
9,2013-07-05,8615.61398
9,2013-07-06,14470.738
9,2013-07-07,15183.963
9,2013-07-08,10635.51798
9,2013-07-09,10069.209
9,2013-07-10,8051.693
9,2013-07-11,8378.774998
9,2013-07-12,7634.034
9,2013-07-13,12766.131000000001
9,2013-07-14,12154.82698
9,2013-07-15,11020.698
9,2013-07-16,10200.453
9,2013-07-17,9573.911
9,2013-07-18,8209.15198
9,2013-07-19,7496.004
9,2013-07-20,11813.30102
9,2013-07-21,12359.976
9,2013-07-22,9709.22302
9,2013-07-23,8448.668000000001
9,2013-07-24,8093.8159998
9,2013-07-25,8201.246
9,2013-07-26,7699.320000000001
9,2013-07-27,12335.595
9,2013-07-28,11395.05302
9,2013-07-29,9452.42702
9,2013-07-30,9390.667
9,2013-07-31,10074.43398
9,2013-08-01,13579.056
9,2013-08-02,11127.86598
9,2013-08-03,15583.48
9,2013-08-04,14747.891
9,2013-08-05,12903.271999999999
9,2013-08-06,11115.392
9,2013-08-07,10401.285
9,2013-08-08,10825.06598
9,2013-08-09,9118.244999999999
9,2013-08-10,10974.552
9,2013-08-11,12276.52
9,2013-08-12,9988.399
9,2013-08-13,9976.619
9,2013-08-14,7756.762
9,2013-08-15,11175.096
9,2013-08-16,9572.491
9,2013-08-17,12722.107
9,2013-08-18,13141.135
9,2013-08-19,10564.313
9,2013-08-20,10972.586
9,2013-08-21,9641.264
9,2013-08-22,10399.30998
9,2013-08-23,7769.570000000001
9,2013-08-24,10914.670979999999
9,2013-08-25,11427.904
9,2013-08-26,10064.398
9,2013-08-27,8568.917000000001
9,2013-08-28,7916.485
9,2013-08-29,8605.64398
9,2013-08-30,9114.185019999999
9,2013-08-31,16182.09798
9,2013-09-01,17929.243
9,2013-09-02,14394.995
9,2013-09-03,12789.659
9,2013-09-04,11453.265
9,2013-09-05,11696.967
9,2013-09-06,8792.781
9,2013-09-07,15291.51602
9,2013-09-08,20535.275
9,2013-09-09,11551.26902
9,2013-09-10,10630.006
9,2013-09-11,8717.966
9,2013-09-12,8694.509
9,2013-09-13,6721.683
9,2013-09-14,13505.42996
9,2013-09-15,17132.36802
9,2013-09-16,11940.646
9,2013-09-17,10149.093
9,2013-09-18,7847.234
9,2013-09-19,8315.355
9,2013-09-20,8127.013
9,2013-09-21,14135.822004
9,2013-09-22,16482.501
9,2013-09-23,11216.183
9,2013-09-24,8916.15
9,2013-09-25,7671.894
9,2013-09-26,8150.756
9,2013-09-27,7645.191
9,2013-09-28,14146.516
9,2013-09-29,17196.875
9,2013-09-30,12132.28098
9,2013-10-01,16131.289999999999
9,2013-10-02,12727.166
9,2013-10-03,12909.003999999999
9,2013-10-04,9301.948
9,2013-10-05,18203.092
9,2013-10-06,20325.847
9,2013-10-07,12282.366
9,2013-10-08,10043.313979999999
9,2013-10-09,8549.512999999999
9,2013-10-10,8290.002000299999
9,2013-10-11,11269.539
9,2013-10-12,12898.564
9,2013-10-13,14558.103995
9,2013-10-14,8698.158000000001
9,2013-10-15,9631.762
9,2013-10-16,9789.611
9,2013-10-17,10474.972
9,2013-10-18,7216.402
9,2013-10-19,14296.458
9,2013-10-20,17682.896999999997
9,2013-10-21,10411.64302
9,2013-10-22,8562.556
9,2013-10-23,8758.696
9,2013-10-24,8087.983
9,2013-10-25,6422.9179798
9,2013-10-26,13048.13902
9,2013-10-27,15298.113
9,2013-10-28,9710.797998
9,2013-10-29,8129.835
9,2013-10-30,7866.778
9,2013-10-31,9460.923999999999
9,2013-11-01,10376.647
9,2013-11-02,17972.575
9,2013-11-03,21059.196040000003
9,2013-11-04,13917.059002
9,2013-11-05,13947.073
9,2013-11-06,10786.581
9,2013-11-07,10257.388001000001
9,2013-11-08,8086.308
9,2013-11-09,15205.54898
9,2013-11-10,18512.459
9,2013-11-11,10108.114
9,2013-11-12,9972.124
9,2013-11-13,8539.482
9,2013-11-14,8015.483
9,2013-11-15,9288.08498
9,2013-11-16,15864.524
9,2013-11-17,18285.551
9,2013-11-18,10870.08
9,2013-11-19,9182.749996
9,2013-11-20,9681.008
9,2013-11-21,8782.491
9,2013-11-22,7559.0160000000005
9,2013-11-23,12681.129
9,2013-11-24,16776.478004
9,2013-11-25,10530.228000000001
9,2013-11-26,9250.692000000001
9,2013-11-27,8123.478
9,2013-11-28,8927.225
9,2013-11-29,8882.15
9,2013-11-30,15658.48302
9,2013-12-01,22855.278
9,2013-12-02,16621.097
9,2013-12-03,13593.595
9,2013-12-04,11184.771
9,2013-12-05,12315.292
9,2013-12-06,14366.539999999999
9,2013-12-07,15345.490996
9,2013-12-08,17386.252965
9,2013-12-09,11395.807
9,2013-12-10,9924.498
9,2013-12-11,9597.906999
9,2013-12-12,10176.9
9,2013-12-13,9905.526
9,2013-12-14,13918.62598
9,2013-12-15,18324.125
9,2013-12-16,24686.468
9,2013-12-17,12279.705
9,2013-12-18,11149.58799
9,2013-12-19,12175.545
9,2013-12-20,11266.917
9,2013-12-21,16572.848
9,2013-12-22,18981.871
9,2013-12-23,17830.67596
9,2013-12-24,16988.623
9,2013-12-26,11819.780002
9,2013-12-27,9959.964
9,2013-12-28,12643.213
9,2013-12-29,13763.512
9,2013-12-30,14629.76805
9,2013-12-31,12785.456030000001
9,2014-01-01,0.0
9,2014-01-02,20659.096
9,2014-01-03,14406.67
9,2014-01-04,23875.801049
9,2014-01-05,24026.70396
9,2014-01-06,12456.039004
9,2014-01-07,13979.186
9,2014-01-08,13143.61998
9,2014-01-09,13077.4573
9,2014-01-10,10660.28
9,2014-01-11,19062.259000000002
9,2014-01-12,21892.594
9,2014-01-13,12550.104
9,2014-01-14,10886.51398
9,2014-01-15,11951.206979999999
9,2014-01-16,12384.282
9,2014-01-17,10628.726
9,2014-01-18,19458.099000000002
9,2014-01-19,21475.777
9,2014-01-20,13415.187
9,2014-01-21,12790.9566
9,2014-01-22,11000.67
9,2014-01-23,11775.944800000001
9,2014-01-24,9665.984
9,2014-01-25,16479.773
9,2014-01-26,19919.777000000002
9,2014-01-27,10969.999
9,2014-01-28,10879.017
9,2014-01-29,9738.637999999999
9,2014-01-30,11681.869504
9,2014-01-31,12452.221
9,2014-02-01,18307.150999999998
9,2014-02-02,17217.615996
9,2014-02-03,13626.057001
9,2014-02-04,11354.163
9,2014-02-05,10356.108
9,2014-02-06,11344.6549
9,2014-02-07,9297.652
9,2014-02-08,14060.220998
9,2014-02-09,14377.233
9,2014-02-10,10618.04602
9,2014-02-11,10069.31804
9,2014-02-12,9762.004999
9,2014-02-13,10221.72727
9,2014-02-14,7934.9
9,2014-02-15,15439.054005
9,2014-02-16,18255.309998
9,2014-02-17,11186.772
9,2014-02-18,9723.50602
9,2014-02-19,9233.841
9,2014-02-20,9319.9318
9,2014-02-21,7740.228999999999
9,2014-02-22,13137.709
9,2014-02-23,13870.482
9,2014-02-24,10651.589
9,2014-02-25,8436.283002
9,2014-02-26,7678.026
9,2014-02-27,8604.0451
9,2014-02-28,8912.262
9,2014-03-01,24325.221
9,2014-03-02,19376.211
9,2014-03-03,18484.838
9,2014-03-04,25057.0744
9,2014-03-05,15976.335
9,2014-03-06,16476.1066
9,2014-03-07,12056.321
9,2014-03-08,18703.951
9,2014-03-09,27038.223
9,2014-03-10,14633.749
9,2014-03-11,13959.4428
9,2014-03-12,11503.99397
9,2014-03-13,11010.9712
9,2014-03-14,10385.8710005
9,2014-03-15,18289.898
9,2014-03-16,25419.400999999998
9,2014-03-17,14212.147
9,2014-03-18,13505.2514
9,2014-03-19,11357.665
9,2014-03-20,12338.141804
9,2014-03-21,10862.378
9,2014-03-22,17215.32
9,2014-03-23,22143.98702
9,2014-03-24,12179.147998
9,2014-03-25,12607.2444
9,2014-03-26,10749.42
9,2014-03-27,11338.23005
9,2014-03-28,10625.724
9,2014-03-29,20853.08698
9,2014-03-30,23786.8
9,2014-03-31,18540.8041
9,2014-04-01,15687.11802
9,2014-04-02,13258.93102
9,2014-04-03,13140.2121
9,2014-04-04,9885.834
9,2014-04-05,18519.666995
9,2014-04-06,20407.414998999997
9,2014-04-07,12785.248000000001
9,2014-04-08,9599.024
9,2014-04-09,9909.331979999999
9,2014-04-10,9185.5297
9,2014-04-11,8362.81299
9,2014-04-12,12991.005
9,2014-04-13,14520.801
9,2014-04-14,11124.738000000001
9,2014-04-15,11243.388
9,2014-04-16,10696.671
9,2014-04-17,11383.1487
9,2014-04-18,10070.135001
9,2014-04-19,13518.378998
9,2014-04-20,16786.264995
9,2014-04-21,11177.382
9,2014-04-22,10065.53
9,2014-04-23,8238.369999999999
9,2014-04-24,9324.39297
9,2014-04-25,7741.101
9,2014-04-26,12951.335000000001
9,2014-04-27,16689.476
9,2014-04-28,9908.716
9,2014-04-29,8910.24802
9,2014-04-30,8238.295
9,2014-05-01,17385.881
9,2014-05-02,12143.793
9,2014-05-03,19068.567979
9,2014-05-04,21018.224
9,2014-05-05,13151.651
9,2014-05-06,11442.05
9,2014-05-07,10737.194
9,2014-05-08,9146.21403
9,2014-05-09,8591.595998
9,2014-05-10,15604.244
9,2014-05-11,13544.193995
9,2014-05-12,10521.233
9,2014-05-13,9905.71402
9,2014-05-14,7998.102001
9,2014-05-15,10624.095
9,2014-05-16,7801.506
9,2014-05-17,15934.447970000001
9,2014-05-18,18237.728
9,2014-05-19,11495.81298
9,2014-05-20,10705.251
9,2014-05-21,8992.123000000001
9,2014-05-22,9246.71703
9,2014-05-23,7209.1140000000005
9,2014-05-24,13931.893
9,2014-05-25,16027.495
9,2014-05-26,8958.80602
9,2014-05-27,8726.634
9,2014-05-28,8073.08399
9,2014-05-29,9116.699
9,2014-05-30,8463.5680199
9,2014-05-31,18064.435
9,2014-06-01,21968.6
9,2014-06-02,16600.266002
9,2014-06-03,13890.513
9,2014-06-04,12639.358024
9,2014-06-05,11381.514
9,2014-06-06,8397.294
9,2014-06-07,17023.501
9,2014-06-08,17659.246000000003
9,2014-06-09,11827.850999
9,2014-06-10,9291.5030005
9,2014-06-11,9761.416002
9,2014-06-12,9258.978000000001
9,2014-06-13,7876.513002
9,2014-06-14,15819.413
9,2014-06-15,13743.388000500001
9,2014-06-16,12614.536
9,2014-06-17,11218.590002
9,2014-06-18,10629.022000300001
9,2014-06-19,9680.436
9,2014-06-20,8220.742
9,2014-06-21,13839.372
9,2014-06-22,17383.652000000002
9,2014-06-23,10652.707
9,2014-06-24,8482.45
9,2014-06-25,8206.507
9,2014-06-26,8635.83798
9,2014-06-27,7921.222
9,2014-06-28,13355.043
9,2014-06-29,16099.784996
9,2014-06-30,12704.72096
9,2014-07-01,20997.856
9,2014-07-02,18199.184
9,2014-07-03,17727.457
9,2014-07-04,13723.448
9,2014-07-05,23831.642050000002
9,2014-07-06,25528.075999999997
9,2014-07-07,17063.309
9,2014-07-08,14321.1569995
9,2014-07-09,12130.098
9,2014-07-10,13477.539999999999
9,2014-07-11,10918.691
9,2014-07-12,17477.861
9,2014-07-13,19320.337001
9,2014-07-14,14337.897
9,2014-07-15,16273.332
9,2014-07-16,14018.621996
9,2014-07-17,14284.382
9,2014-07-18,11220.768
9,2014-07-19,16766.223
9,2014-07-20,17920.256004
9,2014-07-21,15855.162
9,2014-07-22,14554.718
9,2014-07-23,11914.244
9,2014-07-24,13096.629
9,2014-07-25,11257.166
9,2014-07-26,16993.40397
9,2014-07-27,17142.637000000002
9,2014-07-28,13170.337103
9,2014-07-29,13693.331
9,2014-07-30,11191.162
9,2014-07-31,17446.830999
9,2014-08-01,12472.2259955
9,2014-08-02,20075.86603
9,2014-08-03,18859.322
9,2014-08-04,15381.57498
9,2014-08-05,14006.538999
9,2014-08-06,11410.384999999998
9,2014-08-07,11950.399
9,2014-08-08,9898.5249799
9,2014-08-09,14076.71196
9,2014-08-10,14083.317021
9,2014-08-11,11078.681
9,2014-08-12,9219.695960000001
9,2014-08-13,9189.121
9,2014-08-14,10364.901001
9,2014-08-15,10552.647
9,2014-08-16,15346.258
9,2014-08-17,16263.764
9,2014-08-18,13325.708
9,2014-08-19,10896.7310003
9,2014-08-20,10211.517996
9,2014-08-21,10465.448999
9,2014-08-22,8971.1630005
9,2014-08-23,11984.172999999999
9,2014-08-24,12744.603000000001
9,2014-08-25,9904.41
9,2014-08-26,8949.200000499999
9,2014-08-27,8328.208000999999
9,2014-08-28,8522.570998
9,2014-08-29,8537.445
9,2014-08-30,17109.636044
9,2014-08-31,18371.58
9,2014-09-01,21582.973
9,2014-09-02,21889.141
9,2014-09-03,18310.772
9,2014-09-04,17594.134
9,2014-09-05,13583.708999999999
9,2014-09-06,23309.739
9,2014-09-07,29608.166
9,2014-09-08,17482.04403
9,2014-09-09,16622.121030000002
9,2014-09-10,12995.618
9,2014-09-11,12787.646
9,2014-09-12,10012.001
9,2014-09-13,19028.269005000002
9,2014-09-14,24702.342999
9,2014-09-15,16182.28
9,2014-09-16,16041.033
9,2014-09-17,12491.86
9,2014-09-18,13325.78704
9,2014-09-19,9909.623
9,2014-09-20,19152.381999999998
9,2014-09-21,24533.549
9,2014-09-22,14094.848001
9,2014-09-23,15195.619999
9,2014-09-24,11704.77998
9,2014-09-25,11387.105
9,2014-09-26,8797.589
9,2014-09-27,19142.052
9,2014-09-28,24326.479
9,2014-09-29,14686.186
9,2014-09-30,18023.20902
9,2014-10-01,19736.505996
9,2014-10-02,19928.27703
9,2014-10-03,16017.02498
9,2014-10-04,26817.766
9,2014-10-05,32042.28399
9,2014-10-06,17115.72202
9,2014-10-07,17474.737031
9,2014-10-08,13077.269000999999
9,2014-10-09,12269.687
9,2014-10-10,15211.989
9,2014-10-11,18794.77797
9,2014-10-12,22686.93703
9,2014-10-13,14194.822
9,2014-10-14,12481.362002
9,2014-10-15,13685.482
9,2014-10-16,14472.899
9,2014-10-17,10591.8
9,2014-10-18,20179.130004
9,2014-10-19,26328.481
9,2014-10-20,16318.059
9,2014-10-21,13488.334
9,2014-10-22,11269.5
9,2014-10-23,11451.74396
9,2014-10-24,9630.62002
9,2014-10-25,17796.735
9,2014-10-26,21558.33398
9,2014-10-27,14300.882899999999
9,2014-10-28,11571.898
9,2014-10-29,10902.024020500001
9,2014-10-30,10476.328
9,2014-10-31,11212.191
9,2014-11-01,23695.077999
9,2014-11-02,19180.030031
9,2014-11-03,30018.78596
9,2014-11-04,19637.37
9,2014-11-05,14856.629
9,2014-11-06,17797.86
9,2014-11-07,13261.377
9,2014-11-08,22324.06402
9,2014-11-09,26430.084000000003
9,2014-11-10,13866.47402
9,2014-11-11,14793.706002
9,2014-11-12,10508.592
9,2014-11-13,12030.749
9,2014-11-14,10233.445
9,2014-11-15,19686.089
9,2014-11-16,25627.16
9,2014-11-17,15804.482
9,2014-11-18,14597.294
9,2014-11-19,11672.231
9,2014-11-20,13518.402030000001
9,2014-11-21,10839.117
9,2014-11-22,17358.242
9,2014-11-23,24183.256980000002
9,2014-11-24,14606.066
9,2014-11-25,16814.173
9,2014-11-26,10536.678
9,2014-11-27,10830.284998
9,2014-11-28,10677.818
9,2014-11-29,21429.872
9,2014-11-30,28503.675000000003
9,2014-12-01,21436.807
9,2014-12-02,20576.567
9,2014-12-03,15635.832999999999
9,2014-12-04,14359.179
9,2014-12-05,12819.547
9,2014-12-06,23450.75403
9,2014-12-07,29159.672
9,2014-12-08,17222.855001
9,2014-12-09,16121.474
9,2014-12-10,41308.521
9,2014-12-11,14525.408
9,2014-12-12,12291.06698
9,2014-12-13,21405.385999000002
9,2014-12-14,26516.22
9,2014-12-15,19725.465
9,2014-12-16,17739.426
9,2014-12-17,15409.882099999999
9,2014-12-18,15756.327
9,2014-12-19,13168.764
9,2014-12-20,21752.895
9,2014-12-21,28565.296
9,2014-12-22,32818.334
9,2014-12-23,19610.644
9,2014-12-24,23760.240999999998
9,2014-12-26,19108.722
9,2014-12-27,17886.291
9,2014-12-28,17865.383
9,2014-12-29,22291.578999999998
9,2014-12-30,19709.803
9,2014-12-31,17479.421
9,2015-01-01,0.0
9,2015-01-02,17302.373
9,2015-01-03,18151.459
9,2015-01-04,21337.666999999998
9,2015-01-05,14735.15
9,2015-01-06,13091.29802
9,2015-01-07,11488.373
9,2015-01-08,11977.322
9,2015-01-09,9622.32
9,2015-01-10,14485.135999999999
9,2015-01-11,19495.767
9,2015-01-12,11130.114
9,2015-01-13,10224.47799
9,2015-01-14,9176.262999999999
9,2015-01-15,10545.94098
9,2015-01-16,7823.342
9,2015-01-17,16950.66498
9,2015-01-18,18190.085
9,2015-01-19,11769.185019999999
9,2015-01-20,10899.197
9,2015-01-21,9709.814
9,2015-01-22,9454.073
9,2015-01-23,8177.938
9,2015-01-24,15120.698
9,2015-01-25,16954.015
9,2015-01-26,10598.19402
9,2015-01-27,9053.736
9,2015-01-28,8166.89102
9,2015-01-29,9175.537
9,2015-01-30,9498.418
9,2015-01-31,19037.157
9,2015-02-01,26492.744
9,2015-02-02,16339.733
9,2015-02-03,15550.207
9,2015-02-04,12894.530999999999
9,2015-02-05,13202.49997
9,2015-02-06,9204.94
9,2015-02-07,16803.399
9,2015-02-08,16976.39299
9,2015-02-09,11224.824999999999
9,2015-02-10,10437.965
9,2015-02-11,9055.654
9,2015-02-12,10229.713
9,2015-02-13,8809.214
9,2015-02-14,11998.182
9,2015-02-15,10114.596
9,2015-02-16,10689.641998000001
9,2015-02-17,12566.802
9,2015-02-18,11380.486
9,2015-02-19,10938.234996
9,2015-02-20,9548.924
9,2015-02-21,15087.935
9,2015-02-22,19632.755
9,2015-02-23,10792.61798
9,2015-02-24,11162.572
9,2015-02-25,8236.515
9,2015-02-26,8639.350980000001
9,2015-02-27,8994.76
9,2015-02-28,19405.12098
9,2015-03-01,26027.118
9,2015-03-02,15629.592
9,2015-03-03,15232.802
9,2015-03-04,11821.85502
9,2015-03-05,13073.8
9,2015-03-06,8562.26298
9,2015-03-07,18364.69805
9,2015-03-08,20618.47
9,2015-03-09,12466.349
9,2015-03-10,11987.666
9,2015-03-11,9205.963
9,2015-03-12,10915.895
9,2015-03-13,8278.718
9,2015-03-14,15686.229
9,2015-03-15,19563.53803
9,2015-03-16,13107.887980000001
9,2015-03-17,11501.971
9,2015-03-18,8084.732
9,2015-03-19,9402.45796
9,2015-03-20,9145.146
9,2015-03-21,16266.186
9,2015-03-22,17883.184
9,2015-03-23,11277.357
9,2015-03-24,10236.25398
9,2015-03-25,8835.08
9,2015-03-26,9540.311
9,2015-03-27,8780.74898
9,2015-03-28,16125.757
9,2015-03-29,17695.94302
9,2015-03-30,12164.197
9,2015-03-31,12397.746000000001
9,2015-04-01,15167.794
9,2015-04-02,15587.705
9,2015-04-03,14380.093
9,2015-04-04,20346.008
9,2015-04-05,20767.054
9,2015-04-06,13864.407
9,2015-04-07,14015.731
9,2015-04-08,11395.684000000001
9,2015-04-09,11135.867
9,2015-04-10,9315.786
9,2015-04-11,16027.49498
9,2015-04-12,19540.098
9,2015-04-13,12685.018
9,2015-04-14,10193.6
9,2015-04-15,12049.557999999999
9,2015-04-16,13102.354
9,2015-04-17,9887.075
9,2015-04-18,17711.76097
9,2015-04-19,20918.019
9,2015-04-20,14871.741
9,2015-04-21,12653.942
9,2015-04-22,10000.223
9,2015-04-23,11778.81702
9,2015-04-24,8964.065
9,2015-04-25,14360.723996
9,2015-04-26,18336.613999999998
9,2015-04-27,11015.455
9,2015-04-28,9050.444000000001
9,2015-04-29,8549.534
9,2015-04-30,12445.898
9,2015-05-01,17881.475
9,2015-05-02,21514.053
9,2015-05-03,22208.944
9,2015-05-04,16282.664999999999
9,2015-05-05,15216.116
9,2015-05-06,13484.922001
9,2015-05-07,12544.868
9,2015-05-08,9716.206999999999
9,2015-05-09,17755.65
9,2015-05-10,15245.21302
9,2015-05-11,14390.58698
9,2015-05-12,11896.624020000001
9,2015-05-13,9570.327
9,2015-05-14,10553.286979999999
9,2015-05-15,9727.19603
9,2015-05-16,17697.63
9,2015-05-17,23266.78702
9,2015-05-18,12924.288980000001
9,2015-05-19,12031.379
9,2015-05-20,10923.324
9,2015-05-21,11358.728000000001
9,2015-05-22,9073.578
9,2015-05-23,15232.069
9,2015-05-24,18707.258
9,2015-05-25,12714.996
9,2015-05-26,11525.297999999999
9,2015-05-27,9724.807
9,2015-05-28,11052.32096
9,2015-05-29,12240.523009999999
9,2015-05-30,23178.882999999998
9,2015-05-31,28228.909
9,2015-06-01,21843.326
9,2015-06-02,21775.665
9,2015-06-03,16607.325979999998
9,2015-06-04,16586.391996000002
9,2015-06-05,12383.078
9,2015-06-06,24544.326
9,2015-06-07,28324.09788
9,2015-06-08,16482.638
9,2015-06-09,15520.914
9,2015-06-10,12999.71002
9,2015-06-11,13018.66998
9,2015-06-12,11496.742
9,2015-06-13,18229.88102
9,2015-06-14,24072.345
9,2015-06-15,16723.273
9,2015-06-16,17497.30602
9,2015-06-17,13543.014
9,2015-06-18,13378.046
9,2015-06-19,11188.806
9,2015-06-20,19650.981
9,2015-06-21,19776.996
9,2015-06-22,15731.53502
9,2015-06-23,16057.206
9,2015-06-24,12155.66602
9,2015-06-25,11777.54
9,2015-06-26,11600.407
9,2015-06-27,18742.75
9,2015-06-28,23603.623
9,2015-06-29,15099.89102
9,2015-06-30,17680.40098
9,2015-07-01,20287.67202
9,2015-07-02,19996.499
9,2015-07-03,17120.756
9,2015-07-04,25793.927
9,2015-07-05,27783.445
9,2015-07-06,23932.441004
9,2015-07-07,20699.843
9,2015-07-08,16310.496
9,2015-07-09,15251.91202
9,2015-07-10,13242.952
9,2015-07-11,17553.898
9,2015-07-12,21597.461004
9,2015-07-13,15066.554
9,2015-07-14,14222.729019999999
9,2015-07-15,13989.35
9,2015-07-16,14224.089
9,2015-07-17,12758.483999999999
9,2015-07-18,20090.715999
9,2015-07-19,22101.992
9,2015-07-20,15556.309949999999
9,2015-07-21,13931.65798
9,2015-07-22,12096.699999999999
9,2015-07-23,12718.12002
9,2015-07-24,11606.560000000001
9,2015-07-25,17244.605
9,2015-07-26,19880.1829995
9,2015-07-27,13979.037
9,2015-07-28,14212.201
9,2015-07-29,12369.173
9,2015-07-30,12646.296
9,2015-07-31,16064.688
9,2015-08-01,25456.753
9,2015-08-02,27245.164
9,2015-08-03,21214.78196
9,2015-08-04,19975.84098
9,2015-08-05,16690.841
9,2015-08-06,15085.267004
9,2015-08-07,13616.246000000001
9,2015-08-08,19043.631
9,2015-08-09,16597.492
9,2015-08-10,18912.016999
9,2015-08-11,15306.545
9,2015-08-12,13881.954001
9,2015-08-13,14196.397
9,2015-08-14,13225.53102
9,2015-08-15,20433.257
9,2015-08-16,22515.513
9,2015-08-17,17692.362999999998
9,2015-08-18,16024.936
9,2015-08-19,13973.636
9,2015-08-20,14143.309
9,2015-08-21,13012.329000000002
9,2015-08-22,17486.937004
9,2015-08-23,20557.141
9,2015-08-24,13687.044
9,2015-08-25,14068.712019
9,2015-08-26,12287.047
9,2015-08-27,12445.44
9,2015-08-28,11431.724
9,2015-08-29,20485.129
9,2015-08-30,21355.658002
9,2015-08-31,18456.0591
9,2015-09-01,21644.799
9,2015-09-02,20655.424
9,2015-09-03,19426.866
9,2015-09-04,15802.658019
9,2015-09-05,27862.935
9,2015-09-06,34016.234
9,2015-09-07,19571.515
9,2015-09-08,17671.011001
9,2015-09-09,15399.13802
9,2015-09-10,14652.384
9,2015-09-11,13107.351999999999
9,2015-09-12,21412.268
9,2015-09-13,27943.732
9,2015-09-14,17091.343
9,2015-09-15,18501.05
9,2015-09-16,15514.699999
9,2015-09-17,15046.36302
9,2015-09-18,12701.39389
9,2015-09-19,22191.99002
9,2015-09-20,28111.74298
9,2015-09-21,17477.424999
9,2015-09-22,15936.959996
9,2015-09-23,13874.331999
9,2015-09-24,12646.929
9,2015-09-25,12408.060000000001
9,2015-09-26,20257.391
9,2015-09-27,24659.644
9,2015-09-28,14294.217999999999
9,2015-09-29,13320.356
9,2015-09-30,15141.943
9,2015-10-01,23724.782
9,2015-10-02,19490.888
9,2015-10-03,33873.253
9,2015-10-04,39373.96305
9,2015-10-05,22319.406
9,2015-10-06,20195.377999
9,2015-10-07,15351.45708
9,2015-10-08,13971.540001
9,2015-10-09,20873.05
9,2015-10-10,21292.23103
9,2015-10-11,25332.00503
9,2015-10-12,24219.911
9,2015-10-13,12358.447996
9,2015-10-14,12327.205
9,2015-10-15,12896.063
9,2015-10-16,12578.2789
9,2015-10-17,22980.91003
9,2015-10-18,26143.764001
9,2015-10-19,14894.561
9,2015-10-20,14677.85198
9,2015-10-21,11810.3820003
9,2015-10-22,12503.96
9,2015-10-23,10064.016996
9,2015-10-24,18220.20998
9,2015-10-25,24470.496
9,2015-10-26,12710.503999999999
9,2015-10-27,12702.77
9,2015-10-28,10473.4029997
9,2015-10-29,9624.241
9,2015-10-30,11984.533
9,2015-10-31,23622.695
9,2015-11-01,21343.826
9,2015-11-02,19556.466
9,2015-11-03,30064.309999
9,2015-11-04,18934.845
9,2015-11-05,17404.624
9,2015-11-06,13059.457999999999
9,2015-11-07,22887.93
9,2015-11-08,30128.659
9,2015-11-09,15671.77102
9,2015-11-10,14407.256
9,2015-11-11,12148.97298
9,2015-11-12,10859.431004
9,2015-11-13,10659.788
9,2015-11-14,20321.278000000002
9,2015-11-15,27836.927002
9,2015-11-16,16996.426
9,2015-11-17,14875.866
9,2015-11-18,12124.525
9,2015-11-19,12004.818
9,2015-11-20,13273.524
9,2015-11-21,18178.177005
9,2015-11-22,24394.407
9,2015-11-23,14457.015
9,2015-11-24,12821.2379
9,2015-11-25,11581.134
9,2015-11-26,10826.394
9,2015-11-27,10153.068019999999
9,2015-11-28,17286.529
9,2015-11-29,26218.086
9,2015-11-30,16565.325004000002
9,2015-12-01,24931.145001
9,2015-12-02,20193.79
9,2015-12-03,16961.02498
9,2015-12-04,14445.610999999999
9,2015-12-05,25804.48
9,2015-12-06,31421.632999999998
9,2015-12-07,19820.424
9,2015-12-08,17207.903
9,2015-12-09,14687.63501
9,2015-12-10,12981.23202
9,2015-12-11,12067.17901
9,2015-12-12,20251.076
9,2015-12-13,37533.996999
9,2015-12-14,15996.992979999999
9,2015-12-15,16043.666000000001
9,2015-12-16,17113.064
9,2015-12-17,15816.805000999999
9,2015-12-18,15956.925000000001
9,2015-12-19,24292.11302
9,2015-12-20,31671.22196
9,2015-12-21,21007.02098
9,2015-12-22,25216.2958
9,2015-12-23,25745.29
9,2015-12-24,28258.596999999998
9,2015-12-26,20313.25303
9,2015-12-27,19949.113
9,2015-12-28,16587.701
9,2015-12-29,20605.953
9,2015-12-30,19750.72498
9,2015-12-31,21208.965
9,2016-01-01,0.0
9,2016-01-02,26489.76997
9,2016-01-03,34156.807
9,2016-01-04,21849.959
9,2016-01-05,21481.665
9,2016-01-06,17543.354
9,2016-01-07,15575.801941
9,2016-01-08,13493.06604
9,2016-01-09,25428.063000000002
9,2016-01-10,28955.369
9,2016-01-11,15808.78602
9,2016-01-12,15136.509020999998
9,2016-01-13,12208.47
9,2016-01-14,12200.366
9,2016-01-15,13662.34102
9,2016-01-16,22663.8069
9,2016-01-17,26189.447
9,2016-01-18,17785.404
9,2016-01-19,15087.396
9,2016-01-20,15216.034
9,2016-01-21,12617.77402
9,2016-01-22,11697.936
9,2016-01-23,19743.453
9,2016-01-24,26812.714
9,2016-01-25,14655.454
9,2016-01-26,12854.508
9,2016-01-27,11927.294
9,2016-01-28,11551.093
9,2016-01-29,12165.526
9,2016-01-30,26594.53402
9,2016-01-31,30312.309998
9,2016-02-01,24679.637
9,2016-02-02,22469.899
9,2016-02-03,18087.046000000002
9,2016-02-04,17508.782
9,2016-02-05,15014.5379997
9,2016-02-06,21548.394001
9,2016-02-07,16776.795004
9,2016-02-08,15433.47298
9,2016-02-09,20463.803
9,2016-02-10,15689.834
9,2016-02-11,15046.315
9,2016-02-12,13678.902
9,2016-02-13,20181.241
9,2016-02-14,23886.93
9,2016-02-15,18857.072
9,2016-02-16,19260.397976
9,2016-02-17,14304.83798
9,2016-02-18,13573.515998
9,2016-02-19,11886.545
9,2016-02-20,21787.434
9,2016-02-21,25524.838
9,2016-02-22,16090.343
9,2016-02-23,15007.735
9,2016-02-24,11571.949
9,2016-02-25,12103.987000000001
9,2016-02-26,11963.309000000001
9,2016-02-27,21958.993
9,2016-02-28,26861.216001
9,2016-02-29,19984.19
9,2016-03-01,26748.157
9,2016-03-02,22119.534
9,2016-03-03,21101.575
9,2016-03-04,15070.937
9,2016-03-05,29736.829
9,2016-03-06,31014.383
9,2016-03-07,18561.725
9,2016-03-08,17499.706
9,2016-03-09,13495.842999999999
9,2016-03-10,14186.752
9,2016-03-11,11642.665
9,2016-03-12,20277.268
9,2016-03-13,26736.115
9,2016-03-14,14475.059
9,2016-03-15,16176.523
9,2016-03-16,14828.468
9,2016-03-17,13398.10702
9,2016-03-18,13043.757
9,2016-03-19,20857.332
9,2016-03-20,25909.21
9,2016-03-21,15428.102999
9,2016-03-22,13755.27
9,2016-03-23,14661.914
9,2016-03-24,14425.16202
9,2016-03-25,13867.83
9,2016-03-26,19425.826
9,2016-03-27,21456.74
9,2016-03-28,13432.216999999999
9,2016-03-29,13489.141
9,2016-03-30,12333.893
9,2016-03-31,17391.851999
9,2016-04-01,20608.86703
9,2016-04-02,34003.76599
9,2016-04-03,40978.782
9,2016-04-04,22581.803
9,2016-04-05,21317.817
9,2016-04-06,19353.001
9,2016-04-07,15998.402
9,2016-04-08,13506.718
9,2016-04-09,23283.502
9,2016-04-10,27414.078
9,2016-04-11,16052.617
9,2016-04-12,15096.747
9,2016-04-13,12441.319000000001
9,2016-04-14,13474.007
9,2016-04-15,13659.277002
9,2016-04-16,24219.543999999998
9,2016-04-17,35845.673
9,2016-04-18,31821.269
9,2016-04-19,29815.928
9,2016-04-20,25884.44802
9,2016-04-21,22600.857996000002
9,2016-04-22,18297.122
9,2016-04-23,23979.931
9,2016-04-24,28436.657995999998
9,2016-04-25,16964.802
9,2016-04-26,16058.22798
9,2016-04-27,13007.073
9,2016-04-28,12767.197999999999
9,2016-04-29,14038.459998
9,2016-04-30,28821.33499
9,2016-05-01,36351.337
9,2016-05-02,21288.706000000002
9,2016-05-03,24032.326001
9,2016-05-04,17681.990999999998
9,2016-05-05,16598.697
9,2016-05-06,15058.228
9,2016-05-07,24747.26104
9,2016-05-08,22069.66303
9,2016-05-09,17494.124
9,2016-05-10,22646.876
9,2016-05-11,17023.160996
9,2016-05-12,13531.502999999999
9,2016-05-13,13194.413
9,2016-05-14,22186.269
9,2016-05-15,25826.59
9,2016-05-16,18694.55
9,2016-05-17,14873.31
9,2016-05-18,13591.191
9,2016-05-19,14624.211
9,2016-05-20,13487.276001
9,2016-05-21,20700.057
9,2016-05-22,25899.238
9,2016-05-23,15795.502
9,2016-05-24,12844.56
9,2016-05-25,11337.459
9,2016-05-26,11530.263
9,2016-05-27,16687.312001
9,2016-05-28,17639.123996
9,2016-05-29,22456.342
9,2016-05-30,16423.044
9,2016-05-31,26201.285976000003
9,2016-06-01,18995.15011
9,2016-06-02,18591.197
9,2016-06-03,14131.078
9,2016-06-04,25859.103
9,2016-06-05,31876.894
9,2016-06-06,17439.103
9,2016-06-07,16564.082000000002
9,2016-06-08,13802.898
9,2016-06-09,12954.1
9,2016-06-10,12155.472
9,2016-06-11,19256.609
9,2016-06-12,23382.605
9,2016-06-13,15513.715
9,2016-06-14,14434.153
9,2016-06-15,14348.865
9,2016-06-16,13980.615001
9,2016-06-17,13290.767
9,2016-06-18,20080.012
9,2016-06-19,19292.760989
9,2016-06-20,17933.807
9,2016-06-21,15586.574
9,2016-06-22,11626.467000999999
9,2016-06-23,11811.354000000001
9,2016-06-24,11342.191
9,2016-06-25,17982.789
9,2016-06-26,23198.83697
9,2016-06-27,13127.701996
9,2016-06-28,16871.773
9,2016-06-29,12290.2611
9,2016-06-30,13536.761
9,2016-07-01,21001.775
9,2016-07-02,26918.743
9,2016-07-03,29836.737
9,2016-07-04,21372.691
9,2016-07-05,19450.897
9,2016-07-06,16583.797
9,2016-07-07,15614.747001
9,2016-07-08,13210.564999999999
9,2016-07-09,20440.433996
9,2016-07-10,22591.69204
9,2016-07-11,14882.768
9,2016-07-12,14139.65502
9,2016-07-13,11953.189
9,2016-07-14,11886.709996
9,2016-07-15,13099.945000000002
9,2016-07-16,19892.17
9,2016-07-17,19643.804
9,2016-07-18,15066.614019999999
9,2016-07-19,13718.408
9,2016-07-20,13096.41298
9,2016-07-21,12628.52
9,2016-07-22,13061.893
9,2016-07-23,17286.04204
9,2016-07-24,19166.264
9,2016-07-25,14258.047
9,2016-07-26,14232.461
9,2016-07-27,12078.352
9,2016-07-28,11303.717
9,2016-07-29,13327.349979999999
9,2016-07-30,21673.777
9,2016-07-31,25531.18
9,2016-08-01,24054.132
9,2016-08-02,20988.5310043
9,2016-08-03,18326.513
9,2016-08-04,16487.465
9,2016-08-05,15110.047004
9,2016-08-06,20059.22202
9,2016-08-07,21639.721000999998
9,2016-08-08,17148.710001
9,2016-08-09,16734.467
9,2016-08-10,13211.856
9,2016-08-11,13383.829998
9,2016-08-12,16239.590979999999
9,2016-08-13,14500.037001
9,2016-08-14,17381.528981
9,2016-08-15,16105.978
9,2016-08-16,19653.566
9,2016-08-17,14654.383
9,2016-08-18,13849.4780005
9,2016-08-19,14015.107
9,2016-08-20,19252.201
9,2016-08-21,20314.201
9,2016-08-22,17444.668004
9,2016-08-23,15095.476
9,2016-08-24,12250.172
9,2016-08-25,13197.493980000001
9,2016-08-26,12980.264000000001
9,2016-08-27,15916.111
9,2016-08-28,20026.904984
9,2016-08-29,16332.330981000001
9,2016-08-30,14949.121
9,2016-08-31,15667.643
9,2016-09-01,18876.447
9,2016-09-02,20392.77796
9,2016-09-03,28255.473
9,2016-09-04,30191.939
9,2016-09-05,19771.242
9,2016-09-06,19892.847999999998
9,2016-09-07,16817.85098
9,2016-09-08,16253.783
9,2016-09-09,13909.785
9,2016-09-10,22955.352
9,2016-09-11,29727.573
9,2016-09-12,15915.466999999999
9,2016-09-13,13960.063
9,2016-09-14,12575.616
9,2016-09-15,14550.177
9,2016-09-16,15170.690004
9,2016-09-17,22206.18401
9,2016-09-18,26457.987
9,2016-09-19,16704.013
9,2016-09-20,18191.084
9,2016-09-21,14599.086
9,2016-09-22,12873.703000000001
9,2016-09-23,14284.904
9,2016-09-24,20145.104
9,2016-09-25,22646.818
9,2016-09-26,15366.89601
9,2016-09-27,13815.66502
9,2016-09-28,12809.776
9,2016-09-29,11972.155999999999
9,2016-09-30,13934.878999999999
9,2016-10-01,34404.206
9,2016-10-02,41050.663
9,2016-10-03,24475.73901
9,2016-10-04,22179.468
9,2016-10-05,17207.69902
9,2016-10-06,16027.784020000001
9,2016-10-07,14477.776998
9,2016-10-08,22829.70202
9,2016-10-09,32049.59
9,2016-10-10,17005.527
9,2016-10-11,15809.363
9,2016-10-12,12065.172
9,2016-10-13,12661.851999999999
9,2016-10-14,12441.609999999999
9,2016-10-15,21482.689
9,2016-10-16,29195.879999999997
9,2016-10-17,17412.002
9,2016-10-18,15374.975
9,2016-10-19,12705.295004
9,2016-10-20,14259.553
9,2016-10-21,13222.951000000001
9,2016-10-22,18256.61
9,2016-10-23,26046.205
9,2016-10-24,13132.20902
9,2016-10-25,14838.809000000001
9,2016-10-26,12334.83698
9,2016-10-27,11566.961
9,2016-10-28,11614.593
9,2016-10-29,19884.347999999998
9,2016-10-30,21963.833
9,2016-10-31,14744.06
9,2016-11-01,19633.131
9,2016-11-02,23366.195
9,2016-11-03,21306.209029999998
9,2016-11-04,19720.654
9,2016-11-05,21863.865
9,2016-11-06,29389.248
9,2016-11-07,20477.821
9,2016-11-08,21761.42
9,2016-11-09,17332.88
9,2016-11-10,13897.2049995
9,2016-11-11,13802.776
9,2016-11-12,20629.382
9,2016-11-13,29037.042
9,2016-11-14,15683.447
9,2016-11-15,18660.776
9,2016-11-16,16524.66198
9,2016-11-17,14952.649004
9,2016-11-18,13778.614
9,2016-11-19,20814.065000000002
9,2016-11-20,27924.94998
9,2016-11-21,18554.22998
9,2016-11-22,16187.574
9,2016-11-23,13063.166
9,2016-11-24,14286.413
9,2016-11-25,14235.094000000001
9,2016-11-26,18864.36902
9,2016-11-27,25134.811999999998
9,2016-11-28,16370.86
9,2016-11-29,15256.306015999999
9,2016-11-30,16801.321
9,2016-12-01,32081.926999999996
9,2016-12-02,15913.233
9,2016-12-03,28549.5
9,2016-12-04,35327.572
9,2016-12-05,18311.025
9,2016-12-06,27373.041999999998
9,2016-12-07,19747.223002
9,2016-12-08,16331.837
9,2016-12-09,13827.041
9,2016-12-10,21601.01598
9,2016-12-11,27917.109976
9,2016-12-12,17561.69401
9,2016-12-13,17255.334
9,2016-12-14,15441.648
9,2016-12-15,17330.944
9,2016-12-16,15470.056
9,2016-12-17,22619.51502
9,2016-12-18,30026.621039999998
9,2016-12-19,21238.98902
9,2016-12-20,23174.593
9,2016-12-21,23439.311980000002
9,2016-12-22,24762.824
9,2016-12-23,28162.03603
9,2016-12-24,31618.3069
9,2016-12-26,26289.323956
9,2016-12-27,19195.034
9,2016-12-28,19106.648
9,2016-12-29,20010.697
9,2016-12-30,22196.695
9,2016-12-31,23480.192
9,2017-01-01,0.0
9,2017-01-02,38880.533005
9,2017-01-03,29011.273
9,2017-01-04,21194.234994
9,2017-01-05,18888.748004
9,2017-01-06,16755.183
9,2017-01-07,27320.5469
9,2017-01-08,30241.378
9,2017-01-09,17902.8
9,2017-01-10,17956.637
9,2017-01-11,13883.98502
9,2017-01-12,14100.971
9,2017-01-13,14474.347
9,2017-01-14,22811.631
9,2017-01-15,29526.616
9,2017-01-16,18696.61998
9,2017-01-17,16732.88302
9,2017-01-18,15465.675002
9,2017-01-19,12710.697
9,2017-01-20,13309.024998
9,2017-01-21,24794.308
9,2017-01-22,26764.948
9,2017-01-23,16361.935000000001
9,2017-01-24,16886.54002
9,2017-01-25,12519.063999999998
9,2017-01-26,12174.784003
9,2017-01-27,13277.64
9,2017-01-28,22207.2
9,2017-01-29,26248.675
9,2017-01-30,15083.387999999999
9,2017-01-31,21654.319
9,2017-02-01,24325.153
9,2017-02-02,20164.793
9,2017-02-03,17123.866996
9,2017-02-04,28232.988
9,2017-02-05,28526.705
9,2017-02-06,19237.373
9,2017-02-07,18130.01
9,2017-02-08,16019.440994
9,2017-02-09,15937.561
9,2017-02-10,15270.3
9,2017-02-11,20703.1219
9,2017-02-12,26429.08998
9,2017-02-13,18140.337
9,2017-02-14,15033.449
9,2017-02-15,14655.675
9,2017-02-16,15129.75
9,2017-02-17,13816.423999999999
9,2017-02-18,24024.031
9,2017-02-19,20435.18
9,2017-02-20,17420.425
9,2017-02-21,17380.816
9,2017-02-22,13134.63
9,2017-02-23,14254.124
9,2017-02-24,15123.079
9,2017-02-25,24434.503
9,2017-02-26,19750.373
9,2017-02-27,19272.52
9,2017-02-28,27018.07198
9,2017-03-01,21089.956
9,2017-03-02,20977.646
9,2017-03-03,18791.798004
9,2017-03-04,30985.994
9,2017-03-05,33035.46203
9,2017-03-06,20164.59698
9,2017-03-07,20967.292
9,2017-03-08,14593.115963999999
9,2017-03-09,13743.329
9,2017-03-10,15841.334
9,2017-03-11,21920.227
9,2017-03-12,27938.364999999998
9,2017-03-13,18490.912996
9,2017-03-14,15055.581
9,2017-03-15,16507.402000000002
9,2017-03-16,14747.629009999999
9,2017-03-17,15421.131
9,2017-03-18,21747.788
9,2017-03-19,27691.415999999997
9,2017-03-20,18156.432984
9,2017-03-21,17634.89502
9,2017-03-22,13707.843
9,2017-03-23,15198.535
9,2017-03-24,13854.829
9,2017-03-25,22561.037
9,2017-03-26,27583.52298
9,2017-03-27,17001.226
9,2017-03-28,14902.19
9,2017-03-29,15243.13402
9,2017-03-30,16627.764
9,2017-03-31,17799.636
9,2017-04-01,40831.803
9,2017-04-02,58939.425
9,2017-04-03,26561.029029999998
9,2017-04-04,22459.243
9,2017-04-05,20486.983996
9,2017-04-06,17439.608
9,2017-04-07,16286.524004
9,2017-04-08,23919.582
9,2017-04-09,30510.93702
9,2017-04-10,18368.65002
9,2017-04-11,18713.544
9,2017-04-12,13350.49099
9,2017-04-13,17608.807
9,2017-04-14,16864.22
9,2017-04-15,22096.519981
9,2017-04-16,28003.109
9,2017-04-17,17106.976
9,2017-04-18,18379.339976
9,2017-04-19,14946.762999999999
9,2017-04-20,15728.859
9,2017-04-21,14877.172
9,2017-04-22,21125.102
9,2017-04-23,28310.216
9,2017-04-24,15153.485
9,2017-04-25,16262.643
9,2017-04-26,13224.935
9,2017-04-27,13817.131001
9,2017-04-28,14996.323
9,2017-04-29,26173.793
9,2017-04-30,23996.571
9,2017-05-01,33799.546
9,2017-05-02,24796.560999999998
9,2017-05-03,19271.915
9,2017-05-04,19804.359
9,2017-05-05,16844.390026
9,2017-05-06,24176.428
9,2017-05-07,31097.097
9,2017-05-08,17097.297
9,2017-05-09,16011.640976
9,2017-05-10,14716.469978
9,2017-05-11,14015.874
9,2017-05-12,13896.047
9,2017-05-13,21507.823
9,2017-05-14,19859.842
9,2017-05-15,17667.728999
9,2017-05-16,21423.277000000002
9,2017-05-17,16003.655
9,2017-05-18,13820.217000999999
9,2017-05-19,14327.33292
9,2017-05-20,23283.432001
9,2017-05-21,26163.36402
9,2017-05-22,17213.906004
9,2017-05-23,16692.681
9,2017-05-24,13737.66998
9,2017-05-25,11818.189
9,2017-05-26,18457.886000000002
9,2017-05-27,19766.2299
9,2017-05-28,23422.192
9,2017-05-29,16240.755
9,2017-05-30,16546.5040005
9,2017-05-31,16489.636
9,2017-06-01,20957.972999999998
9,2017-06-02,19999.448
9,2017-06-03,29053.622000000003
9,2017-06-04,35011.36297
9,2017-06-05,22082.69597
9,2017-06-06,20541.961
9,2017-06-07,16239.37198
9,2017-06-08,15378.002
9,2017-06-09,14304.946975
9,2017-06-10,22231.369000000002
9,2017-06-11,26731.505
9,2017-06-12,16506.361
9,2017-06-13,17226.112
9,2017-06-14,13534.037
9,2017-06-15,14632.104
9,2017-06-16,14337.031
9,2017-06-17,22729.536
9,2017-06-18,20734.032
9,2017-06-19,16337.191
9,2017-06-20,17939.4880005
9,2017-06-21,13677.421
9,2017-06-22,13687.372
9,2017-06-23,13875.414999999999
9,2017-06-24,20067.82
9,2017-06-25,25062.822
9,2017-06-26,16119.0690195
9,2017-06-27,14050.130000000001
9,2017-06-28,12907.724
9,2017-06-29,13398.217999
9,2017-06-30,16548.962004
9,2017-07-01,27791.218999999997
9,2017-07-02,33422.102
9,2017-07-03,24264.83901
9,2017-07-04,20456.284
9,2017-07-05,16892.161
9,2017-07-06,16944.13
9,2017-07-07,15258.622003999999
9,2017-07-08,21482.59001
9,2017-07-09,25002.731
9,2017-07-10,18874.72
9,2017-07-11,16426.344004
9,2017-07-12,13475.664
9,2017-07-13,13149.912
9,2017-07-14,13933.249004
9,2017-07-15,19700.809
9,2017-07-16,21434.11102
9,2017-07-17,18039.09402
9,2017-07-18,15961.966
9,2017-07-19,12961.084
9,2017-07-20,13296.091999999999
9,2017-07-21,14588.60698
9,2017-07-22,18899.914
9,2017-07-23,20160.858
9,2017-07-24,14709.973
9,2017-07-25,15734.128999999999
9,2017-07-26,11941.16802
9,2017-07-27,13218.337
9,2017-07-28,14229.088
9,2017-07-29,20919.781
9,2017-07-30,22259.891
9,2017-07-31,20525.879
9,2017-08-01,27173.401997
9,2017-08-02,20596.434979999998
9,2017-08-03,19852.218
9,2017-08-04,18011.215
9,2017-08-05,22157.198
9,2017-08-06,25300.919999
9,2017-08-07,20671.93798
9,2017-08-08,16707.3359995
9,2017-08-09,14754.863
9,2017-08-10,12886.733
9,2017-08-11,15569.746
9,2017-08-12,16901.506991
9,2017-08-13,18128.805
9,2017-08-14,15978.709
9,2017-08-15,18636.477
